{
    "eval_loss": 2.4567928314208984,
    "eval_rouge1": 41.8536,
    "eval_rouge2": 18.8968,
    "eval_rougeL": 34.0023,
    "eval_rougeLsum": 33.9545,
    "eval_gen_len": 26.832832832832832,
    "eval_runtime": 654.8285,
    "eval_samples_per_second": 1.526,
    "eval_steps_per_second": 1.526,
    "eval_samples": 999,
    "fallback_percentage": 11.067657411028549,
    "rollback_percentage": 2.417605859138906
}