{
    "eval_loss": 1.1722283363342285,
    "eval_bleu": 39.6877,
    "eval_gen_len": 28.8446,
    "eval_runtime": 834.4817,
    "eval_samples_per_second": 1.064,
    "eval_steps_per_second": 1.064,
    "eval_samples": 888,
    "fallback_percentage": 23.4507409936142,
    "rollback_percentage": 0.3293304952006105
}