{
    "eval_loss": 1.1626256704330444,
    "eval_bleu": 36.7999,
    "eval_gen_len": 26.3401,
    "eval_runtime": 736.6222,
    "eval_samples_per_second": 1.206,
    "eval_steps_per_second": 1.206,
    "eval_samples": 888,
    "fallback_percentage": 16.50645079686314,
    "rollback_percentage": 1.6611855974365461
}