{
    "eval_bleu": 27.8146,
    "eval_gen_len": 29.4157,
    "eval_loss": 1.9550482034683228,
    "eval_runtime": 2772.6324,
    "eval_samples": 3000,
    "eval_samples_per_second": 1.082,
    "eval_steps_per_second": 1.082,
    "fallback_percentage": 16.362659178905574,
    "rollback_percentage": 2.35930284849349
}