{
    "eval_loss": 1.1713995933532715,
    "eval_bleu": 39.29,
    "eval_gen_len": 29.116,
    "eval_runtime": 714.7457,
    "eval_samples_per_second": 1.242,
    "eval_steps_per_second": 1.242,
    "eval_samples": 888,
    "fallback_percentage": 10.536748416184073,
    "rollback_percentage": 0.8706129270473008
}