{
    "eval_loss": 1.1759157180786133,
    "eval_bleu": 40.5389,
    "eval_gen_len": 29.0833,
    "eval_runtime": 921.9823,
    "eval_samples_per_second": 0.963,
    "eval_steps_per_second": 0.963,
    "eval_samples": 888,
    "fallback_percentage": 32.08857494345013,
    "rollback_percentage": 0.6428826540735744
}