{
    "eval_loss": 1.174781322479248,
    "eval_bleu": 40.065,
    "eval_gen_len": 29.0586,
    "eval_runtime": 837.9853,
    "eval_samples_per_second": 1.06,
    "eval_steps_per_second": 1.06,
    "eval_samples": 888,
    "fallback_percentage": 23.652789938708906,
    "rollback_percentage": 0.425853697365279
}