{
    "eval_loss": 1.1735589504241943,
    "eval_bleu": 40.3153,
    "eval_gen_len": 29.0743,
    "eval_runtime": 848.8716,
    "eval_samples_per_second": 1.046,
    "eval_steps_per_second": 1.046,
    "eval_samples": 888,
    "fallback_percentage": 23.653597587246875,
    "rollback_percentage": 1.100622772316008
}