{
    "eval_loss": 1.1784356832504272,
    "eval_bleu": 40.4222,
    "eval_gen_len": 29.0822,
    "eval_runtime": 1105.1317,
    "eval_samples_per_second": 0.804,
    "eval_steps_per_second": 0.804,
    "eval_samples": 888,
    "fallback_percentage": 44.244920812669974,
    "rollback_percentage": 0.2959526475763878
}