{
    "eval_loss": 1.416008472442627,
    "eval_bleu": 30.774,
    "eval_gen_len": 29.2463,
    "eval_runtime": 2580.2718,
    "eval_samples_per_second": 1.163,
    "eval_steps_per_second": 1.163,
    "eval_samples": 3000,
    "fallback_percentage": 10.306867256252108,
    "rollback_percentage": 2.2158404855921416
}