{
    "eval_loss": 1.4242361783981323,
    "eval_bleu": 30.8634,
    "eval_gen_len": 29.2023,
    "eval_runtime": 3370.4603,
    "eval_samples_per_second": 0.89,
    "eval_steps_per_second": 0.89,
    "eval_samples": 3000,
    "fallback_percentage": 17.274521969654238,
    "rollback_percentage": 1.504879011788595
}