{
    "eval_loss": 1.4159996509552002,
    "eval_bleu": 30.6367,
    "eval_gen_len": 29.2633,
    "eval_runtime": 2525.3401,
    "eval_samples_per_second": 1.188,
    "eval_steps_per_second": 1.188,
    "eval_samples": 3000,
    "fallback_percentage": 5.157141375375998,
    "rollback_percentage": 2.941603568094596
}