{
    "eval_gen_len": 27.329197518511105,
    "eval_loss": 2.0323550701141357,
    "eval_rouge1": 42.4674,
    "eval_rouge2": 18.9961,
    "eval_rougeL": 34.3971,
    "eval_rougeLsum": 34.368,
    "eval_runtime": 4274.0506,
    "eval_samples": 4997,
    "eval_samples_per_second": 1.169,
    "eval_steps_per_second": 1.169,
    "fallback_percentage": 20.833482999159475,
    "rollback_percentage": 2.1077737627425486
}