{
    "eval_gen_len": 26.955773464078447,
    "eval_loss": 2.0280284881591797,
    "eval_rouge1": 42.5141,
    "eval_rouge2": 19.074,
    "eval_rougeL": 34.5089,
    "eval_rougeLsum": 34.5023,
    "eval_runtime": 4240.0646,
    "eval_samples": 4997,
    "eval_samples_per_second": 1.179,
    "eval_steps_per_second": 1.179,
    "fallback_percentage": 12.899955898711848,
    "rollback_percentage": 4.314027500773418
}