{
    "eval_gen_len": 26.977586551931157,
    "eval_loss": 2.027791738510132,
    "eval_rouge1": 43.155,
    "eval_rouge2": 19.8465,
    "eval_rougeL": 35.1963,
    "eval_rougeLsum": 35.1946,
    "eval_runtime": 4740.7841,
    "eval_samples": 4997,
    "eval_samples_per_second": 1.054,
    "eval_steps_per_second": 1.054,
    "fallback_percentage": 20.492077113042793,
    "rollback_percentage": 5.537832685920908
}