{
    "eval_gen_len": 26.3958375025015,
    "eval_loss": 2.02406907081604,
    "eval_rouge1": 42.6308,
    "eval_rouge2": 19.5018,
    "eval_rougeL": 34.9148,
    "eval_rougeLsum": 34.9063,
    "eval_runtime": 4596.1808,
    "eval_samples": 4997,
    "eval_samples_per_second": 1.087,
    "eval_steps_per_second": 1.087,
    "fallback_percentage": 5.663735565208179,
    "rollback_percentage": 6.647420277571777
}