{
    "eval_loss": 2.4578258991241455,
    "eval_rouge1": 42.7465,
    "eval_rouge2": 19.705,
    "eval_rougeL": 34.7841,
    "eval_rougeLsum": 34.7346,
    "eval_gen_len": 26.725725725725727,
    "eval_runtime": 773.2049,
    "eval_samples_per_second": 1.292,
    "eval_steps_per_second": 1.292,
    "eval_samples": 999,
    "fallback_percentage": 11.051687796898102,
    "rollback_percentage": 5.3952873816340015
}