{
    "eval_loss": 1.8860385417938232,
    "eval_bleu": 38.2908,
    "eval_gen_len": 28.8953,
    "eval_runtime": 658.4988,
    "eval_samples_per_second": 1.349,
    "eval_steps_per_second": 1.349,
    "eval_samples": 888,
    "fallback_percentage": 8.312494958457691,
    "rollback_percentage": 0.044365572315882874
}