{
    "eval_loss": 1.8261494636535645,
    "eval_bleu": 38.5078,
    "eval_gen_len": 28.7151,
    "eval_runtime": 646.4061,
    "eval_samples_per_second": 1.374,
    "eval_steps_per_second": 1.374,
    "eval_samples": 888,
    "fallback_percentage": 5.903536457068868,
    "rollback_percentage": 0.12543497612689164
}