{
    "eval_loss": 2.4583919048309326,
    "eval_rouge1": 42.8866,
    "eval_rouge2": 19.6725,
    "eval_rougeL": 34.8359,
    "eval_rougeLsum": 34.7834,
    "eval_gen_len": 26.693693693693692,
    "eval_runtime": 789.6186,
    "eval_samples_per_second": 1.265,
    "eval_steps_per_second": 1.265,
    "eval_samples": 999,
    "fallback_percentage": 10.831083108310832,
    "rollback_percentage": 6.0816081608160815
}