{
    "eval_loss": 1.82427179813385,
    "eval_bleu": 37.9311,
    "eval_gen_len": 28.714,
    "eval_runtime": 626.7104,
    "eval_samples_per_second": 1.417,
    "eval_steps_per_second": 1.417,
    "eval_samples": 888,
    "fallback_percentage": 2.551840540106092,
    "rollback_percentage": 0.2531747307506832
}