{
    "eval_loss": 1.8864988088607788,
    "eval_bleu": 38.485,
    "eval_gen_len": 28.9167,
    "eval_runtime": 653.7507,
    "eval_samples_per_second": 1.358,
    "eval_steps_per_second": 1.358,
    "eval_samples": 888,
    "fallback_percentage": 8.276549113369198,
    "rollback_percentage": 0.4781829049611476
}