{
    "eval_loss": 1.0764333009719849,
    "eval_bleu": 47.4545,
    "eval_gen_len": 30.5,
    "eval_runtime": 10.4746,
    "eval_samples_per_second": 0.955,
    "eval_steps_per_second": 0.955,
    "eval_samples": 10,
    "fallback_percentage": 12.166172106824925,
    "rollback_percentage": 1.7804154302670623
}