{
    "eval_loss": 1.0764333009719849,
    "eval_bleu": 47.4545,
    "eval_gen_len": 30.5,
    "eval_runtime": 10.6975,
    "eval_samples_per_second": 0.935,
    "eval_steps_per_second": 0.935,
    "eval_samples": 10,
    "fallback_percentage": 12.647058823529411,
    "rollback_percentage": 1.4705882352941178
}