{
    "eval_loss": 1.0777337551116943,
    "eval_bleu": 47.4545,
    "eval_gen_len": 30.5,
    "eval_runtime": 10.6296,
    "eval_samples_per_second": 0.941,
    "eval_steps_per_second": 0.941,
    "eval_samples": 10,
    "fallback_percentage": 12.131147540983607,
    "rollback_percentage": 1.9672131147540983
}