{
    "eval_loss": 1.0764333009719849,
    "eval_bleu": 47.4545,
    "eval_gen_len": 30.3,
    "eval_runtime": 10.5323,
    "eval_samples_per_second": 0.949,
    "eval_steps_per_second": 0.949,
    "eval_samples": 10,
    "fallback_percentage": 12.349397590361447,
    "rollback_percentage": 1.8072289156626506
}