{
    "eval_loss": 1.0646494626998901,
    "eval_bleu": 47.4545,
    "eval_gen_len": 30.5,
    "eval_runtime": 10.4233,
    "eval_samples_per_second": 0.959,
    "eval_steps_per_second": 0.959,
    "eval_samples": 10,
    "fallback_percentage": 12.62135922330097,
    "rollback_percentage": 1.941747572815534
}