{
    "eval_loss": 1.0764333009719849,
    "eval_bleu": 47.4545,
    "eval_gen_len": 30.5,
    "eval_runtime": 10.5595,
    "eval_samples_per_second": 0.947,
    "eval_steps_per_second": 0.947,
    "eval_samples": 10,
    "fallback_percentage": 12.023460410557185,
    "rollback_percentage": 1.7595307917888563
}