{
    "eval_loss": 1.8575164079666138,
    "eval_bleu": 38.394,
    "eval_gen_len": 28.8142,
    "eval_runtime": 621.7231,
    "eval_samples_per_second": 1.428,
    "eval_steps_per_second": 1.428,
    "eval_samples": 888,
    "fallback_percentage": 5.964502756872057,
    "rollback_percentage": 0.15696059886505412
}