{
    "eval_loss": 1.8860385417938232,
    "eval_bleu": 38.2486,
    "eval_gen_len": 28.8941,
    "eval_runtime": 649.993,
    "eval_samples_per_second": 1.366,
    "eval_steps_per_second": 1.366,
    "eval_samples": 888,
    "fallback_percentage": 8.312149457289271,
    "rollback_percentage": 0.0161400960335714
}