{
    "eval_loss": 2.3413944244384766,
    "eval_rouge1": 42.5693,
    "eval_rouge2": 19.3494,
    "eval_rougeL": 34.6152,
    "eval_rougeLsum": 34.6039,
    "eval_gen_len": 27.51102257636122,
    "eval_runtime": 10825.5197,
    "eval_samples_per_second": 1.043,
    "eval_steps_per_second": 1.043,
    "eval_samples": 11295,
    "fallback_percentage": 3.161302120260373,
    "rollback_percentage": 0.9855409086096879
}