{
    "eval_loss": 1.8182448148727417,
    "eval_bleu": 38.4421,
    "eval_gen_len": 28.857,
    "eval_runtime": 634.4452,
    "eval_samples_per_second": 1.4,
    "eval_steps_per_second": 1.4,
    "eval_samples": 888,
    "fallback_percentage": 3.0078414543752197,
    "rollback_percentage": 0.7958491007685405
}