{
    "eval_loss": 1.8395756483078003,
    "eval_bleu": 39.5148,
    "eval_gen_len": 28.7905,
    "eval_runtime": 715.3677,
    "eval_samples_per_second": 1.241,
    "eval_steps_per_second": 1.241,
    "eval_samples": 888,
    "fallback_percentage": 9.33196137406997,
    "rollback_percentage": 0.7321513376602817
}