{
    "eval_loss": 1.8164877891540527,
    "eval_bleu": 39.2989,
    "eval_gen_len": 28.9572,
    "eval_runtime": 717.5885,
    "eval_samples_per_second": 1.237,
    "eval_steps_per_second": 1.237,
    "eval_samples": 888,
    "fallback_percentage": 2.9695195945463633,
    "rollback_percentage": 2.6697123277892785
}