{
    "eval_loss": 1.8175238370895386,
    "eval_bleu": 38.5374,
    "eval_gen_len": 28.866,
    "eval_runtime": 778.6888,
    "eval_samples_per_second": 1.14,
    "eval_steps_per_second": 1.14,
    "eval_samples": 888,
    "fallback_percentage": 1.2954942633538484,
    "rollback_percentage": 1.2916951599422537
}