{
    "eval_loss": 1.8672277927398682,
    "eval_bleu": 40.1357,
    "eval_gen_len": 28.9696,
    "eval_runtime": 791.724,
    "eval_samples_per_second": 1.122,
    "eval_steps_per_second": 1.122,
    "eval_samples": 888,
    "fallback_percentage": 19.171857249187134,
    "rollback_percentage": 0.9871900340815607
}