{
    "eval_loss": 1.8412624597549438,
    "eval_bleu": 39.2978,
    "eval_gen_len": 28.759,
    "eval_runtime": 697.5835,
    "eval_samples_per_second": 1.273,
    "eval_steps_per_second": 1.273,
    "eval_samples": 888,
    "fallback_percentage": 9.330296491648685,
    "rollback_percentage": 0.475505474306721
}