{
    "eval_loss": 1.8209738731384277,
    "eval_bleu": 39.2824,
    "eval_gen_len": 28.9583,
    "eval_runtime": 747.9031,
    "eval_samples_per_second": 1.187,
    "eval_steps_per_second": 1.187,
    "eval_samples": 888,
    "fallback_percentage": 1.3768343267454426,
    "rollback_percentage": 2.976750670988881
}