{
    "eval_loss": 1.846306562423706,
    "eval_bleu": 39.5912,
    "eval_gen_len": 28.9167,
    "eval_runtime": 741.7326,
    "eval_samples_per_second": 1.197,
    "eval_steps_per_second": 1.197,
    "eval_samples": 888,
    "fallback_percentage": 13.164127259808952,
    "rollback_percentage": 0.8170837609536591
}