{
    "eval_loss": 1.8644049167633057,
    "eval_bleu": 40.2958,
    "eval_gen_len": 29.0529,
    "eval_runtime": 801.5964,
    "eval_samples_per_second": 1.108,
    "eval_steps_per_second": 1.108,
    "eval_samples": 888,
    "fallback_percentage": 18.998394612161793,
    "rollback_percentage": 0.9945573436704648
}