{
    "eval_loss": 1.9838135242462158,
    "eval_bleu": 31.0532,
    "eval_gen_len": 29.168,
    "eval_runtime": 2373.9384,
    "eval_samples_per_second": 1.264,
    "eval_steps_per_second": 1.264,
    "eval_samples": 3000,
    "fallback_percentage": 4.831056946976724,
    "rollback_percentage": 2.4267238162257834
}