{
    "eval_loss": 1.9938586950302124,
    "eval_bleu": 30.988,
    "eval_gen_len": 29.1987,
    "eval_runtime": 2418.5324,
    "eval_samples_per_second": 1.24,
    "eval_steps_per_second": 1.24,
    "eval_samples": 3000,
    "fallback_percentage": 8.869675196528451,
    "rollback_percentage": 1.9941777424032623
}