{
    "eval_loss": 1.9842796325683594,
    "eval_bleu": 30.4384,
    "eval_gen_len": 29.1917,
    "eval_runtime": 2158.0215,
    "eval_samples_per_second": 1.39,
    "eval_steps_per_second": 1.39,
    "eval_samples": 3000,
    "fallback_percentage": 2.321680790960452,
    "rollback_percentage": 1.5426377118644068
}