{
    "eval_loss": 1.9865387678146362,
    "eval_bleu": 30.6453,
    "eval_gen_len": 29.1747,
    "eval_runtime": 2365.5369,
    "eval_samples_per_second": 1.268,
    "eval_steps_per_second": 1.268,
    "eval_samples": 3000,
    "fallback_percentage": 4.806298346049248,
    "rollback_percentage": 2.3428323509804128
}