{
    "eval_loss": 1.9884746074676514,
    "eval_bleu": 31.0313,
    "eval_gen_len": 29.176,
    "eval_runtime": 2314.8077,
    "eval_samples_per_second": 1.296,
    "eval_steps_per_second": 1.296,
    "eval_samples": 3000,
    "fallback_percentage": 0.9546394873606135,
    "rollback_percentage": 3.0899641757909078
}