{
    "eval_gen_len": 26.433860316189715,
    "eval_loss": 2.612072229385376,
    "eval_rouge1": 42.4208,
    "eval_rouge2": 19.335,
    "eval_rougeL": 34.6391,
    "eval_rougeLsum": 34.6266,
    "eval_runtime": 4339.4978,
    "eval_samples": 4997,
    "eval_samples_per_second": 1.152,
    "eval_steps_per_second": 1.152,
    "fallback_percentage": 3.9226417576634653,
    "rollback_percentage": 6.380739376397843
}