{
    "eval_gen_len": 26.99319591755053,
    "eval_loss": 2.614884614944458,
    "eval_rouge1": 41.3715,
    "eval_rouge2": 18.2797,
    "eval_rougeL": 33.6506,
    "eval_rougeLsum": 33.6361,
    "eval_runtime": 3422.5786,
    "eval_samples": 4997,
    "eval_samples_per_second": 1.46,
    "eval_steps_per_second": 1.46,
    "fallback_percentage": 3.8837930689436644,
    "rollback_percentage": 2.9812214402454886
}