{
    "eval_loss": 2.6226258277893066,
    "eval_rouge1": 41.7943,
    "eval_rouge2": 18.7291,
    "eval_rougeL": 33.96,
    "eval_rougeLsum": 33.9518,
    "eval_gen_len": 27.133333333333333,
    "eval_runtime": 7807.2954,
    "eval_samples_per_second": 1.447,
    "eval_steps_per_second": 1.447,
    "eval_samples": 11295,
    "fallback_percentage": 8.504383246258744,
    "rollback_percentage": 3.4094867026771745
}