{
    "eval_gen_len": 27.136882129277566,
    "eval_loss": 2.6219005584716797,
    "eval_rouge1": 41.835,
    "eval_rouge2": 18.5921,
    "eval_rougeL": 33.8972,
    "eval_rougeLsum": 33.8805,
    "eval_runtime": 3561.4782,
    "eval_samples": 4997,
    "eval_samples_per_second": 1.403,
    "eval_steps_per_second": 1.403,
    "fallback_percentage": 8.367064080374567,
    "rollback_percentage": 2.6458237082905236
}