{
    "eval_loss": 1.8411763906478882,
    "eval_bleu": 38.801,
    "eval_gen_len": 28.777,
    "eval_runtime": 647.7581,
    "eval_samples_per_second": 1.371,
    "eval_steps_per_second": 1.371,
    "eval_samples": 888,
    "fallback_percentage": 4.441724573594441,
    "rollback_percentage": 0.6396083385975995
}