{
    "eval_loss": 1.8386043310165405,
    "eval_bleu": 38.2618,
    "eval_gen_len": 28.7027,
    "eval_runtime": 625.6513,
    "eval_samples_per_second": 1.419,
    "eval_steps_per_second": 1.419,
    "eval_samples": 888,
    "fallback_percentage": 4.473257698541329,
    "rollback_percentage": 0.07698541329011345
}