{
    "eval_loss": 1.839085340499878,
    "eval_bleu": 39.5873,
    "eval_gen_len": 28.786,
    "eval_runtime": 698.9025,
    "eval_samples_per_second": 1.271,
    "eval_steps_per_second": 1.271,
    "eval_samples": 888,
    "fallback_percentage": 9.408581065181583,
    "rollback_percentage": 1.0589065809083065
}