{
    "eval_loss": 1.8512392044067383,
    "eval_bleu": 39.0141,
    "eval_gen_len": 28.7128,
    "eval_runtime": 685.7908,
    "eval_samples_per_second": 1.295,
    "eval_steps_per_second": 1.295,
    "eval_samples": 888,
    "fallback_percentage": 4.427142966185787,
    "rollback_percentage": 1.583848561178536
}