{
    "eval_loss": 1.8860385417938232,
    "eval_bleu": 38.3912,
    "eval_gen_len": 28.884,
    "eval_runtime": 653.8423,
    "eval_samples_per_second": 1.358,
    "eval_steps_per_second": 1.358,
    "eval_samples": 888,
    "fallback_percentage": 8.294838320947981,
    "rollback_percentage": 0.23297850974091183
}