{
    "eval_gen_len": 28.227509490597686,
    "eval_loss": 1.6673009395599365,
    "eval_rouge1": 43.2841,
    "eval_rouge2": 19.8956,
    "eval_rougeL": 35.097,
    "eval_rougeLsum": 35.0838,
    "eval_runtime": 12772.5063,
    "eval_samples": 11327,
    "eval_samples_per_second": 0.887,
    "eval_steps_per_second": 0.887
}