{
    "eval_gen_len": 26.85397722256555,
    "eval_loss": 2.4623568058013916,
    "eval_rouge1": 42.0493,
    "eval_rouge2": 18.9639,
    "eval_rougeL": 34.2801,
    "eval_rougeLsum": 34.2704,
    "eval_runtime": 7900.4101,
    "eval_samples": 11327,
    "eval_samples_per_second": 1.434,
    "eval_steps_per_second": 1.434,
    "fallback_percentage": 10.903367552022843,
    "rollback_percentage": 4.124965990971883
}