{
    "eval_loss": 1.8465628623962402,
    "eval_bleu": 39.0122,
    "eval_gen_len": 28.75,
    "eval_runtime": 703.5559,
    "eval_samples_per_second": 1.262,
    "eval_steps_per_second": 1.262,
    "eval_samples": 888,
    "fallback_percentage": 2.542553949148921,
    "rollback_percentage": 2.578163948436721
}