{
    "eval_loss": 1.8285351991653442,
    "eval_bleu": 39.0925,
    "eval_gen_len": 28.7106,
    "eval_runtime": 697.3844,
    "eval_samples_per_second": 1.273,
    "eval_steps_per_second": 1.273,
    "eval_samples": 888,
    "fallback_percentage": 2.499447839210778,
    "rollback_percentage": 2.2012810130309948
}