{
    "eval_loss": 24.393247604370117,
    "eval_sacrebleu": 0.004427961999987234,
    "eval_gen_len": 68.5213963963964,
    "eval_runtime": 2202.2326,
    "eval_samples_per_second": 0.403,
    "eval_steps_per_second": 0.403,
    "eval_samples": 888,
    "fallback_percentage": 25.691059262580822,
    "rollback_percentage": 5.195782043307827
}