{
    "eval_loss": 24.012117385864258,
    "eval_sacrebleu": 0.004535157266637341,
    "eval_gen_len": 74.2286036036036,
    "eval_runtime": 2604.2785,
    "eval_samples_per_second": 0.341,
    "eval_steps_per_second": 0.341,
    "eval_samples": 888,
    "fallback_percentage": 37.40005454832551,
    "rollback_percentage": 4.043753498987985
}