{
    "eval_loss": 1.8175238370895386,
    "eval_sacrebleu": 38.537426667742935,
    "eval_meteor": 0.6907075905185566,
    "eval_gen_len": 28.86599099099099,
    "eval_runtime": 674.1084,
    "eval_samples_per_second": 1.317,
    "eval_steps_per_second": 1.317,
    "eval_samples": 888,
    "fallback_percentage": 1.2954942633538484,
    "rollback_percentage": 1.2916951599422537
}