{
    "eval_loss": 1.8672279119491577,
    "eval_sacrebleu": 40.13573295863536,
    "eval_meteor": 0.7056506137356127,
    "eval_gen_len": 28.969594594594593,
    "eval_runtime": 845.4769,
    "eval_samples_per_second": 1.05,
    "eval_steps_per_second": 1.05,
    "eval_samples": 888,
    "fallback_percentage": 19.171857249187134,
    "rollback_percentage": 0.9871900340815607
}