{
    "eval_loss": 1.8629264831542969,
    "eval_sacrebleu": 40.08898525227963,
    "eval_meteor": 0.7060676638076566,
    "eval_gen_len": 28.989864864864863,
    "eval_runtime": 811.0194,
    "eval_samples_per_second": 1.095,
    "eval_steps_per_second": 1.095,
    "eval_samples": 888,
    "fallback_percentage": 18.9212735624901,
    "rollback_percentage": 0.6494535086329796
}