{
    "eval_loss": 1.8563787937164307,
    "eval_bleu": 38.7248,
    "eval_gen_len": 28.8131,
    "eval_runtime": 656.084,
    "eval_samples_per_second": 1.353,
    "eval_steps_per_second": 1.353,
    "eval_samples": 888,
    "fallback_percentage": 5.9370529327610875,
    "rollback_percentage": 0.5404546177078365
}