{
    "eval_loss": 2.4571187496185303,
    "eval_rouge1": 42.1096,
    "eval_rouge2": 19.1333,
    "eval_rougeL": 34.3046,
    "eval_rougeLsum": 34.273,
    "eval_gen_len": 26.61761761761762,
    "eval_runtime": 643.027,
    "eval_samples_per_second": 1.554,
    "eval_steps_per_second": 1.554,
    "eval_samples": 999,
    "fallback_percentage": 5.605492719493184,
    "rollback_percentage": 3.62864439948257
}