{
    "eval_loss": 1.8703871965408325,
    "eval_bleu": 38.8525,
    "eval_gen_len": 28.8694,
    "eval_runtime": 673.2777,
    "eval_samples_per_second": 1.319,
    "eval_steps_per_second": 1.319,
    "eval_samples": 888,
    "fallback_percentage": 7.032469559787699,
    "rollback_percentage": 0.963940056197315
}