{
    "eval_loss": 1.1715282201766968,
    "eval_bleu": 39.8988,
    "eval_gen_len": 28.8209,
    "eval_runtime": 885.0995,
    "eval_samples_per_second": 1.003,
    "eval_steps_per_second": 1.003,
    "eval_samples": 888,
    "fallback_percentage": 23.38573060709924,
    "rollback_percentage": 1.0991608556908168
}