{
    "eval_loss": 1.1784356832504272,
    "eval_sacrebleu": 40.39122676306713,
    "eval_meteor": 0.7068103207585262,
    "eval_gen_len": 29.0731981981982,
    "eval_runtime": 1064.5562,
    "eval_samples_per_second": 0.834,
    "eval_steps_per_second": 0.834,
    "eval_samples": 888,
    "fallback_percentage": 44.21183251941398,
    "rollback_percentage": 0.21615563205507965
}