{
    "eval_loss": 1.175948977470398,
    "eval_bleu": 39.9492,
    "eval_gen_len": 28.848,
    "eval_runtime": 1068.4449,
    "eval_samples_per_second": 0.831,
    "eval_steps_per_second": 0.831,
    "eval_samples": 888,
    "fallback_percentage": 44.17562000161564,
    "rollback_percentage": 0.12117295419662331
}