{
    "eval_loss": 1.1670656204223633,
    "eval_bleu": 39.2276,
    "eval_gen_len": 28.7185,
    "eval_runtime": 761.5211,
    "eval_samples_per_second": 1.166,
    "eval_steps_per_second": 1.166,
    "eval_samples": 888,
    "fallback_percentage": 5.227589659241248,
    "rollback_percentage": 2.8211821074838204
}