{
    "eval_loss": 1.1756054162979126,
    "eval_bleu": 40.1431,
    "eval_gen_len": 28.8536,
    "eval_runtime": 1067.8778,
    "eval_samples_per_second": 0.832,
    "eval_steps_per_second": 0.832,
    "eval_samples": 888,
    "fallback_percentage": 44.174796420220915,
    "rollback_percentage": 0.29831492380875596
}