{
    "eval_loss": 22.09758758544922,
    "eval_sacrebleu": 0.0035423720404278605,
    "eval_gen_len": 88.63513513513513,
    "eval_runtime": 2961.692,
    "eval_samples_per_second": 0.3,
    "eval_steps_per_second": 0.3,
    "eval_samples": 888,
    "fallback_percentage": 37.131140453809955,
    "rollback_percentage": 3.368371644906681
}