{
    "eval_loss": 1.175126075744629,
    "eval_bleu": 40.1937,
    "eval_gen_len": 28.8592,
    "eval_runtime": 958.2095,
    "eval_samples_per_second": 0.927,
    "eval_steps_per_second": 0.927,
    "eval_samples": 888,
    "fallback_percentage": 31.81164055004797,
    "rollback_percentage": 0.6036136872401663
}