{
    "eval_loss": 1.827560544013977,
    "eval_bleu": 38.9081,
    "eval_gen_len": 28.7827,
    "eval_runtime": 707.4028,
    "eval_samples_per_second": 1.255,
    "eval_steps_per_second": 1.255,
    "eval_samples": 888,
    "fallback_percentage": 5.892575039494471,
    "rollback_percentage": 0.6516587677725119
}