{
    "eval_loss": 2.4603593349456787,
    "eval_rouge1": 42.4418,
    "eval_rouge2": 19.4875,
    "eval_rougeL": 34.6615,
    "eval_rougeLsum": 34.6316,
    "eval_gen_len": 26.23923923923924,
    "eval_runtime": 805.2106,
    "eval_samples_per_second": 1.241,
    "eval_steps_per_second": 1.241,
    "eval_samples": 999,
    "fallback_percentage": 1.7498739283913263,
    "rollback_percentage": 6.2329803328290465
}