{
    "eval_loss": 1.8269661664962769,
    "eval_bleu": 38.6773,
    "eval_gen_len": 28.7917,
    "eval_runtime": 670.7728,
    "eval_samples_per_second": 1.324,
    "eval_steps_per_second": 1.324,
    "eval_samples": 888,
    "fallback_percentage": 5.896854745715536,
    "rollback_percentage": 0.5049902580619507
}