{
    "eval_loss": 2.084618330001831,
    "eval_rouge1": 42.3493,
    "eval_rouge2": 18.813,
    "eval_rougeL": 34.2564,
    "eval_rougeLsum": 34.2581,
    "eval_gen_len": 27.242606162267148,
    "eval_runtime": 9441.89,
    "eval_samples_per_second": 1.2,
    "eval_steps_per_second": 1.2,
    "eval_samples": 11327,
    "fallback_percentage": 30.431990179452782,
    "rollback_percentage": 3.008491736060138
}