{
    "eval_loss": 1.8860385417938232,
    "eval_bleu": 38.3168,
    "eval_gen_len": 28.8986,
    "eval_runtime": 668.8039,
    "eval_samples_per_second": 1.328,
    "eval_steps_per_second": 1.328,
    "eval_samples": 888,
    "fallback_percentage": 8.309490227684869,
    "rollback_percentage": 0.08059641345960104
}