{
    "eval_loss": 1.8289645910263062,
    "eval_bleu": 39.1544,
    "eval_gen_len": 28.8119,
    "eval_runtime": 679.2537,
    "eval_samples_per_second": 1.307,
    "eval_steps_per_second": 1.307,
    "eval_samples": 888,
    "fallback_percentage": 5.915591754023616,
    "rollback_percentage": 0.9664471376797474
}