{
    "eval_loss": 1.8287982940673828,
    "eval_bleu": 38.3537,
    "eval_gen_len": 28.7691,
    "eval_runtime": 642.8507,
    "eval_samples_per_second": 1.381,
    "eval_steps_per_second": 1.381,
    "eval_samples": 888,
    "fallback_percentage": 2.54360751269835,
    "rollback_percentage": 0.6575579792888924
}