{
    "eval_loss": 1.8661917448043823,
    "eval_bleu": 38.4721,
    "eval_gen_len": 28.8694,
    "eval_runtime": 644.3418,
    "eval_samples_per_second": 1.378,
    "eval_steps_per_second": 1.378,
    "eval_samples": 888,
    "fallback_percentage": 7.184301716496091,
    "rollback_percentage": 0.11685067289870256
}