{
    "eval_loss": 1.8188539743423462,
    "eval_bleu": 38.7454,
    "eval_gen_len": 28.9054,
    "eval_runtime": 673.1341,
    "eval_samples_per_second": 1.319,
    "eval_steps_per_second": 1.319,
    "eval_samples": 888,
    "fallback_percentage": 3.004554675240173,
    "rollback_percentage": 1.1558923718758372
}