{
    "eval_loss": 1.8349508047103882,
    "eval_bleu": 39.368,
    "eval_gen_len": 28.6982,
    "eval_runtime": 766.0157,
    "eval_samples_per_second": 1.159,
    "eval_steps_per_second": 1.159,
    "eval_samples": 888,
    "fallback_percentage": 6.008317525171457,
    "rollback_percentage": 2.4332409163869837
}