{
    "eval_loss": 1.8376847505569458,
    "eval_bleu": 39.0958,
    "eval_gen_len": 28.6115,
    "eval_runtime": 724.0889,
    "eval_samples_per_second": 1.226,
    "eval_steps_per_second": 1.226,
    "eval_samples": 888,
    "fallback_percentage": 9.292142053671862,
    "rollback_percentage": 0.46601317692431304
}