{
    "eval_loss": 1.813900113105774,
    "eval_bleu": 38.2386,
    "eval_gen_len": 28.7162,
    "eval_runtime": 654.7374,
    "eval_samples_per_second": 1.356,
    "eval_steps_per_second": 1.356,
    "eval_samples": 888,
    "fallback_percentage": 2.992156862745098,
    "rollback_percentage": 0.792156862745098
}