{
    "eval_loss": 1.8149534463882446,
    "eval_bleu": 35.3915,
    "eval_gen_len": 26.3052,
    "eval_runtime": 617.6552,
    "eval_samples_per_second": 1.438,
    "eval_steps_per_second": 1.438,
    "eval_samples": 888,
    "fallback_percentage": 2.846683893195521,
    "rollback_percentage": 0.7407407407407407
}