{
    "eval_loss": 1.8661917448043823,
    "eval_bleu": 38.3566,
    "eval_gen_len": 28.8547,
    "eval_runtime": 648.4458,
    "eval_samples_per_second": 1.369,
    "eval_steps_per_second": 1.369,
    "eval_samples": 888,
    "fallback_percentage": 7.182119472960957,
    "rollback_percentage": 0.016166841807452915
}