{
    "eval_loss": 2.4623985290527344,
    "eval_rouge1": 42.7826,
    "eval_rouge2": 19.8957,
    "eval_rougeL": 34.8015,
    "eval_rougeLsum": 34.762,
    "eval_gen_len": 27.14014014014014,
    "eval_runtime": 751.364,
    "eval_samples_per_second": 1.33,
    "eval_steps_per_second": 1.33,
    "eval_samples": 999,
    "fallback_percentage": 17.477172108467073,
    "rollback_percentage": 3.527946873270614
}