{
    "eval_loss": 1.8860385417938232,
    "eval_bleu": 38.3471,
    "eval_gen_len": 28.8863,
    "eval_runtime": 642.1671,
    "eval_samples_per_second": 1.383,
    "eval_steps_per_second": 1.383,
    "eval_samples": 888,
    "fallback_percentage": 8.303147387909522,
    "rollback_percentage": 0.1368429525879417
}