{
    "eval_loss": 1.6673009395599365,
    "eval_rouge1": 43.2841,
    "eval_rouge2": 19.8956,
    "eval_rougeL": 35.097,
    "eval_rougeLsum": 35.0838,
    "eval_gen_len": 28.227509490597686,
    "eval_runtime": 13527.3309,
    "eval_samples_per_second": 0.837,
    "eval_steps_per_second": 0.837,
    "eval_samples": 11327
}