{
    "eval_loss": 1.8661917448043823,
    "eval_bleu": 38.3452,
    "eval_gen_len": 28.8559,
    "eval_runtime": 639.0021,
    "eval_samples_per_second": 1.39,
    "eval_steps_per_second": 1.39,
    "eval_samples": 888,
    "fallback_percentage": 7.1899122984278385,
    "rollback_percentage": 0.0202077355211575
}