{
    "eval_loss": 2.4594316482543945,
    "eval_rouge1": 42.23,
    "eval_rouge2": 19.1582,
    "eval_rougeL": 34.3016,
    "eval_rougeLsum": 34.2374,
    "eval_gen_len": 26.78878878878879,
    "eval_runtime": 678.1443,
    "eval_samples_per_second": 1.473,
    "eval_steps_per_second": 1.473,
    "eval_samples": 999,
    "fallback_percentage": 11.083752384255245,
    "rollback_percentage": 3.0587827293220045
}